source,headline,pub_Date
Wall Street Journal,Some Minnesotans Celebrate Victory as Border Czar Pledges to Draw Down Officers,"Fri, 30 Jan 2026 02:37:00 GMT"
Wall Street Journal,A Secret FBI Bust Nabbed an Alleged Drug Lord—and Rocked Ties With Mexico,"Thu, 29 Jan 2026 20:42:00 GMT"
Wall Street Journal,"U.S. to Draw Down Immigration Officers in Minneapolis, Homan Says","Thu, 29 Jan 2026 19:16:00 GMT"
Wall Street Journal,"Harvey Pratt, a Pioneering Forensic Artist, Dies at 84","Thu, 29 Jan 2026 19:00:00 GMT"
Wall Street Journal,Greg Bovino Was Trump’s Rising Star. Then He Arrived in Minneapolis.,"Thu, 29 Jan 2026 16:44:00 GMT"
Wall Street Journal,"For Minneapolis Police Chief, a Federal Crisis and a Fight for Local Trust","Thu, 29 Jan 2026 16:16:00 GMT"
Wall Street Journal,"Yale Will Go Tuition-Free for Families Making Up to $200,000","Tue, 27 Jan 2026 13:52:00 GMT"
Wall Street Journal,Columbia University Names UW-Madison Leader as Next President,"Sun, 25 Jan 2026 22:30:00 GMT"
Wall Street Journal,Testing Giant Shops GRE and Toefl Exams for Around $500 Million,"Sat, 24 Jan 2026 14:00:00 GMT"
Wall Street Journal,PeopleSoft Founder Gives $371.5 Million Gift to Cornell,"Thu, 22 Jan 2026 14:00:00 GMT"
Wall Street Journal,"American-Studies Journal Articles Biased Against U.S., Analysis Says","Thu, 22 Jan 2026 10:00:00 GMT"
Wall Street Journal,"Trump Sues Treasury Department, IRS Over Tax Return Leak","Fri, 30 Jan 2026 03:17:00 GMT"
Wall Street Journal,Video Shows Earlier Altercation Between Alex Pretti and Federal Agents,"Thu, 29 Jan 2026 03:37:00 GMT"
Wall Street Journal,Judge Temporarily Bars Trump Administration From Detaining Minnesota Refugees,"Thu, 29 Jan 2026 02:32:00 GMT"
Wall Street Journal,FBI Agents Search Election Office in Georgia’s Fulton County for 2020 Records,"Wed, 28 Jan 2026 23:56:00 GMT"
Wall Street Journal,Border Patrol Agents Who Shot Alex Pretti Put on Administrative Leave,"Wed, 28 Jan 2026 19:53:00 GMT"
Wall Street Journal,The Race Against the Clock to Fix a Power Grid Meltdown,"Tue, 27 Jan 2026 17:00:00 GMT"
Wall Street Journal,"Deadly Winter Storm Disrupts Air Travel, Leaves Hundreds of Thousands Without Power","Tue, 27 Jan 2026 03:36:00 GMT"
Wall Street Journal,Expansive Winter Storm Snarls the Central and Eastern U.S.,"Mon, 26 Jan 2026 01:06:00 GMT"
Wall Street Journal,Several People Missing After Landslide Buries Campground in New Zealand,"Fri, 23 Jan 2026 03:37:00 GMT"
Wall Street Journal,Trump Administration Taps Data Centers for Backup Power Ahead of Snowstorm,"Thu, 22 Jan 2026 23:14:00 GMT"
Wall Street Journal,Opinion | America Needs Restraint—and Facts,"Thu, 29 Jan 2026 23:15:00 GMT"
Wall Street Journal,Opinion | Tom Homan Makes a Good Offer to Minneapolis,"Thu, 29 Jan 2026 22:44:00 GMT"
Wall Street Journal,Opinion | Lenders and the First Brands Fraud Charges,"Thu, 29 Jan 2026 22:39:00 GMT"
Wall Street Journal,Opinion | Orbánomics Needs European Union Subsidies,"Thu, 29 Jan 2026 22:35:00 GMT"
Wall Street Journal,Opinion | Trump’s Cowbell Moment,"Thu, 29 Jan 2026 22:23:00 GMT"
Wall Street Journal,Opinion | A Hasidic Rebel Grows Up,"Thu, 29 Jan 2026 22:22:00 GMT"
Wall Street Journal,Drop in Drug Overdoses Boosts U.S. Life Expectancy to All-Time High,"Thu, 29 Jan 2026 05:01:00 GMT"
Wall Street Journal,Operation Metro Surge: What We Know About the Minnesota Immigration Action,"Thu, 29 Jan 2026 03:46:00 GMT"
Wall Street Journal,"Two Federal Immigration Officials Fired Shots at Alex Pretti, DHS Report Says","Wed, 28 Jan 2026 19:10:00 GMT"
Wall Street Journal,Rep. Ilhan Omar Sprayed With Unknown Substance at Town Hall in Minneapolis,"Wed, 28 Jan 2026 18:16:00 GMT"
Wall Street Journal,Mamdani Presses for Tax Hike on New York’s Wealthiest as Budget Deficit Looms,"Wed, 28 Jan 2026 15:15:00 GMT"
Wall Street Journal,Do I Get Taxed on a High-Yield Savings Account?,"Mon, 10 Mar 2025 18:17:00 GMT"
Wall Street Journal,Home Equity Loan vs. Home Equity Line of Credit (Heloc),"Tue, 01 Jul 2025 16:29:00 GMT"
Wall Street Journal,Current Mortgage Rates for August 2025,"Wed, 27 Aug 2025 20:07:00 GMT"
Wall Street Journal,Videos Contradict U.S. Account of Minneapolis Shooting by Federal Agents,"Sun, 25 Jan 2026 04:56:00 GMT"
Wall Street Journal,"Border Patrol Agent Fatally Shoots Man in Minneapolis, Escalating State-Federal Standoff","Sun, 25 Jan 2026 00:36:00 GMT"
Wall Street Journal,Gun-Rights Groups Clash With Trump Officials Over Fatal Shooting of Armed Protester,"Mon, 26 Jan 2026 10:30:00 GMT"
Wall Street Journal,Work to Stop on $16 Billion Tunnel Project Unless Trump Restores Funding,"Tue, 27 Jan 2026 21:28:00 GMT"
Wall Street Journal,"In Battle for Evidence, Minnesota Sues Feds Over Fatal Border Patrol Shooting","Sun, 25 Jan 2026 18:44:00 GMT"
Bloomberg,Ryan Reynolds’ Wrexham Tied Up in Collapse of FX Broker Argentex,"Fri, 30 Jan 2026 05:00:00 GMT"
Bloomberg,Even London’s Ever-Optimistic Brokers See Gloom for Luxury Homes,"Fri, 30 Jan 2026 05:00:00 GMT"
Bloomberg,Trump Deal to Avert Major Shutdown Set to Miss Funding Deadline,"Thu, 29 Jan 2026 06:16:17 GMT"
Bloomberg,Bitcoin Slumps to Two-Month Low as US Funds Shed Billions,"Fri, 30 Jan 2026 02:25:46 GMT"
Bloomberg,"Stocks, Bonds Fall on Bets Warsh Set to Lead Fed: Markets Wrap","Thu, 29 Jan 2026 22:40:22 GMT"
Bloomberg,Eldridge's Wachsberger Says Borrowing Costs Challenging,"Fri, 30 Jan 2026 04:43:48 GMT"
Bloomberg,Indonesia to Accelerate Market Reforms After MSCI Warning,"Fri, 30 Jan 2026 04:43:18 GMT"
Bloomberg,Copper Sinks as Frenzy in China Ebbs at Close of Turbulent Week,"Fri, 30 Jan 2026 03:42:35 GMT"
Bloomberg,Oil Rally Hits Brakes But Trump’s Iran Focus Looms Over Market,"Thu, 29 Jan 2026 23:38:57 GMT"
Bloomberg,Dollar Rises With US Yields as Trump Set to Choose Warsh for Fed,"Fri, 30 Jan 2026 02:09:41 GMT"
Bloomberg,Indo-MIM Is Said to Plan Seeking Up to $700 Million in India IPO,"Fri, 30 Jan 2026 04:22:49 GMT"
Bloomberg,Malaysian Central Bank Rejects Using Ringgit to Help Exports,"Fri, 30 Jan 2026 03:28:41 GMT"
Bloomberg,The Asia Trade 1/30/2026,"Fri, 30 Jan 2026 04:18:37 GMT"
Bloomberg,Japan’s Two-Year Bond Sale Draws Solid Demand as Yields Attract,"Fri, 30 Jan 2026 03:47:45 GMT"
Bloomberg,LME Trading Glitch Caps Wild Week for Global Metals Traders,"Fri, 30 Jan 2026 01:25:54 GMT"
Bloomberg,Gold Retreats as Reports on Trump’s Fed Nominee Boost Dollar,"Thu, 29 Jan 2026 23:29:58 GMT"
Bloomberg,Indonesia Stock Exchange CEO Resigns After Market Selloff,"Fri, 30 Jan 2026 02:20:19 GMT"
Bloomberg,"China LNG Imports to Rise for Third Month, Kpler Estimates Show","Fri, 30 Jan 2026 03:45:28 GMT"
Bloomberg,Trump Warns UK on ‘Dangerous’ Moves After Xi-Starmer Talks,"Fri, 30 Jan 2026 02:01:48 GMT"
Bloomberg,Hedge Fund Investors Renew China Appetite as US Interest Wanes,"Fri, 30 Jan 2026 03:01:35 GMT"
Bloomberg,Australian Dollar Bulls Pile Into Options as Rate Hike Bets Grow,"Fri, 30 Jan 2026 02:55:37 GMT"
Bloomberg,India’s Defense Stocks Are Back in the Spotlight on EU Trade Pact,"Fri, 30 Jan 2026 02:45:54 GMT"
Bloomberg,Musk's SpaceX Said to Weigh Tie-Up With Tesla or xAI,"Fri, 30 Jan 2026 02:33:40 GMT"
Bloomberg,"New World Shares, Bonds Jump as Blackstone in Talks for Stake","Fri, 30 Jan 2026 01:37:08 GMT"
Bloomberg,Gold’s Record Inflows From Asian ETFs Seen by Some as Warning,"Fri, 30 Jan 2026 02:17:31 GMT"
Bloomberg,US Issues License for Oil Companies to Operate in Venezuela,"Thu, 29 Jan 2026 21:55:52 GMT"
Bloomberg,Astra Touts $15 Billion China Investment During Starmer Trip,"Thu, 29 Jan 2026 10:06:55 GMT"
Bloomberg,"Worst Yet to Come After Wild Day for Indonesia Stocks, Funds Say","Thu, 29 Jan 2026 23:00:00 GMT"
Bloomberg,Zijin Mining Seeks $1.5 Billion From Convertible Bonds as Gold Surges,"Thu, 29 Jan 2026 08:45:47 GMT"
Bloomberg,Nintendo and Sony Face Pressure Over Soaring Memory Chip Prices,"Fri, 30 Jan 2026 00:59:37 GMT"
MarketWatch,Jobless claims fall to lowest level since mid-May,"Thu, 03 Jul 2025 12:36:00 GMT"
MarketWatch,Jobless claims stay low in latest week,"Thu, 13 Feb 2025 13:33:00 GMT"
MarketWatch,Consumer credit growth soars in December,"Fri, 07 Feb 2025 20:26:00 GMT"
MarketWatch,U.S. productivity slows down in fourth quarter while unit labor costs accelerate,"Thu, 06 Feb 2025 13:34:00 GMT"
MarketWatch,Beyond to buy rights to Buy Buy Baby brand and reunite it with Bed Bath & Beyond,"Mon, 03 Feb 2025 13:46:00 GMT"
MarketWatch,Trump asks Supreme Court to pause TikTok ban,"Sat, 28 Dec 2024 00:32:00 GMT"
MarketWatch,Amazon says it had best-ever Thanksgiving Holiday week with record sales and number of items sold,"Tue, 03 Dec 2024 14:05:00 GMT"
MarketWatch,U.S. stock futures and bond yields drop on reports Putin has updated nuclear doctrine,"Tue, 19 Nov 2024 08:55:00 GMT"
MarketWatch,Charter Communications announces buyout deal for Liberty Broadband at terms above its previous proposal,"Wed, 13 Nov 2024 13:52:00 GMT"
MarketWatch,General Motors unveils new all-electric Cadillac called the Vistiq with 300-mile range,"Tue, 12 Nov 2024 13:53:00 GMT"
MarketWatch,Vestas Wind Systems stock slumps as company says margins to be at low end of guidance,"Tue, 05 Nov 2024 08:39:00 GMT"
MarketWatch,Burberry shares rise on report Moncler could bid for it,"Mon, 04 Nov 2024 08:36:00 GMT"
MarketWatch,Kazatomprom reports 17% increase in production during the third quarter,"Fri, 01 Nov 2024 07:36:00 GMT"
MarketWatch,Anheuser-Busch InBev shares slip as sales come up shy of estimates,"Thu, 31 Oct 2024 08:09:00 GMT"
MarketWatch,Wingstop’s stock slides 12% after profit falls short of estimates,"Wed, 30 Oct 2024 12:22:00 GMT"
MarketWatch,Novartis hikes sales and profit guidance for the year,"Tue, 29 Oct 2024 07:08:00 GMT"
MarketWatch,Plus500 says it will meet expectations after quarterly revenue climbs 11%,"Mon, 28 Oct 2024 07:14:00 GMT"
MarketWatch,Trainline boosts guidance for the second time this year,"Mon, 28 Oct 2024 07:08:00 GMT"
MarketWatch,Barclays reports 18% profit rise as it lifts income guidance,"Thu, 24 Oct 2024 06:41:00 GMT"
MarketWatch,"London Stock Exchange Group says income grew, led by Tradeweb","Thu, 24 Oct 2024 06:28:00 GMT"
MarketWatch,Nobel economics prize awarded to three who studied wealth of nations,"Mon, 14 Oct 2024 09:53:00 GMT"
MarketWatch,Nobel Peace Prize awarded to Japanese atomic bomb survivors,"Fri, 11 Oct 2024 09:05:00 GMT"
MarketWatch,DirecTV to acquire EchoStar’s video distribution business including Dish TV and Sling TV,"Mon, 30 Sep 2024 11:15:00 GMT"
MarketWatch,Moody’s places all of Boeing’s ratings on review for a downgrade,"Fri, 13 Sep 2024 17:02:00 GMT"
MarketWatch,Microsoft to lay off 650 people from videogame business: WSJ,"Thu, 12 Sep 2024 11:47:00 GMT"
MarketWatch,"ArcBest misses profit expectations, as soft rate environment weighed on revenue","Fri, 02 Aug 2024 10:14:00 GMT"
MarketWatch,Alibaba stock climbs on report of vendor service fee increase,"Mon, 29 Jul 2024 11:43:00 GMT"
MarketWatch,"European stocks open lower after weak Wall Street finish, computer outages","Fri, 19 Jul 2024 07:08:00 GMT"
MarketWatch,Wholesale inventories in U.S. rise 0.1% in April,"Fri, 07 Jun 2024 14:14:00 GMT"
MarketWatch,Hibbett shares fall as Q1 sales miss analysts’ estimate,"Wed, 05 Jun 2024 11:34:00 GMT"
CNBC,CNBC Daily Open: iPhone drove Apple's robust earnings — but investors weren't too enthused,"Fri, 30 Jan 2026 01:31:38 GMT"
CNBC,"What's next for Apple stock after big iPhone sales everywhere, even China","Fri, 30 Jan 2026 00:37:42 GMT"
CNBC,"Apple can't secure enough chips as iPhone demand surges, memory prices rise","Fri, 30 Jan 2026 00:45:13 GMT"
CNBC,Elon Musk's $20 billion spending plan signals 'Tesla of yesterday is gone',"Thu, 29 Jan 2026 23:01:47 GMT"
CNBC,"OpenAI will retire several models, including GPT-4o, from ChatGPT next month","Thu, 29 Jan 2026 22:47:56 GMT"
CNBC,Microsoft lost $357 billion in market cap as stock plunged most since 2020,"Thu, 29 Jan 2026 21:41:49 GMT"
CNBC,"Amazon could invest up to $50 billion in OpenAI in coming weeks, source says","Thu, 29 Jan 2026 23:11:50 GMT"
CNBC,York Space starts trading at $38 per share as CEO touts 'Golden Dome' potential,"Thu, 29 Jan 2026 21:09:38 GMT"
CNBC,How CEOs bringing AI agents to work are preparing customers and employees,"Thu, 29 Jan 2026 20:09:36 GMT"
CNBC,Waymo will start offering rides to San Francisco airport,"Thu, 29 Jan 2026 19:40:36 GMT"
CNBC,Tesla sold $430 million worth of its Megapack backup batteries to Musk's xAI in 2025,"Thu, 29 Jan 2026 19:52:49 GMT"
CNBC,Apple acquires Israeli startup Q.ai ,"Thu, 29 Jan 2026 18:41:52 GMT"
CNBC,What top analysts expect to see from Apple's results out after the bell,"Thu, 29 Jan 2026 18:24:16 GMT"
CNBC,Senate panel passes crypto CFTC regulation bill,"Thu, 29 Jan 2026 20:19:36 GMT"
CNBC,Apple sales surge 16% on ‘staggering’ iPhone demand ,"Fri, 30 Jan 2026 00:36:51 GMT"
CNBC,A Waymo hit a child near an elementary school. The NHTSA is investigating,"Thu, 29 Jan 2026 17:45:42 GMT"
CNBC,Meta soars after proving AI spend while Microsoft struggles to please,"Thu, 29 Jan 2026 21:27:47 GMT"
CNBC,"Powell's press conference, Big Tech earnings, U.S. dollar volatility and more in Morning Squawk","Thu, 29 Jan 2026 13:14:58 GMT"
CNBC,"World’s largest sovereign wealth fund made $247 billion in 2025, driven by tech and banking rally","Thu, 29 Jan 2026 13:18:04 GMT"
CNBC,"What tariffs? Toyota hits record sales in 2025, despite Trump’s auto levies","Thu, 29 Jan 2026 13:18:14 GMT"
CNBC,SAP shares see biggest drop since 2020 after fourth-quarter cloud contract growth disappoints,"Thu, 29 Jan 2026 16:42:16 GMT"
CNBC,CNBC Daily Open: Investors expected the Fed to hold rates — it was Powell's comments that drew interest,"Thu, 29 Jan 2026 07:33:56 GMT"
CNBC,Why Nvidia’s AI boom couldn’t happen without Dutch chip equipment maker ASML,"Thu, 29 Jan 2026 06:25:47 GMT"
CNBC,SK Hynix overtakes Samsung in annual profit for the first time as AI reshapes rivalry,"Thu, 29 Jan 2026 07:49:49 GMT"
CNBC,CNBC Daily Open: Fed expectedly keeps rates steady — the intrigue was elsewhere,"Thu, 29 Jan 2026 01:26:32 GMT"
CNBC,Advantest shares jump as much as 14% as AI chip boom drives record sales and higher profit outlook,"Thu, 29 Jan 2026 01:57:23 GMT"
CNBC,Meta's Mark Zuckerberg gets green light from Wall Street to keep pouring money into AI,"Thu, 29 Jan 2026 13:28:39 GMT"
CNBC,"Samsung’s profit triples, beating estimates as AI chip demand fuels memory shortage","Thu, 29 Jan 2026 05:05:53 GMT"
CNBC,"Elon Musk says Tesla ending Models S and X production, converting Fremont factory lines to make Optimus robots","Thu, 29 Jan 2026 16:07:39 GMT"
CNBC,"Tesla to invest $2 billion in xAI, Elon Musk's OpenAI competitor","Wed, 28 Jan 2026 22:27:30 GMT"
RSS Google News,One of the biggest Apple analysts says: Big mistake Apple made was hiring this high flyer from Google that they thought ... - The Times of India,"Fri, 30 Jan 2026 03:42:00 GMT"
RSS Google News,Ex-Google Engineer Convicted of Stealing A.I. Secrets for Start-up in China,"Thu, 29 Jan 2026 23:25:17 GMT"
RSS Google News,Google Chrome unveils Gemini-powered auto-browsing feature,"Thu, 29 Jan 2026 22:25:14 GMT"
RSS Google News,Ex-Google engineer convicted of stealing AI secrets for Chinese companies,"Thu, 29 Jan 2026 22:02:06 GMT"
RSS Google News,"Google, Amazon and Pinterest plan layoffs across California","Thu, 29 Jan 2026 19:50:19 GMT"
RSS Google News,Google Just Updated These Android Theft Protection Features,"Thu, 29 Jan 2026 17:01:43 GMT"
RSS Google News,Google settles for $68M in class action over alleged recording of private conversations,"Thu, 29 Jan 2026 17:00:00 GMT"
RSS Google News,Amazon and Google Eat Into Nvidia’s A.I. Chip Supremacy,"Thu, 29 Jan 2026 16:12:58 GMT"
RSS Google News,India is teaching Google how AI in education can scale ,"Thu, 29 Jan 2026 15:29:31 GMT"
RSS Google News,Google Maps Brings Gemini Navigation to Walking and Cycling,"Thu, 29 Jan 2026 14:30:00 GMT"
RSS Google News,Google Maps now lets you access Gemini while walking and cycling ,"Thu, 29 Jan 2026 14:30:00 GMT"
RSS Google News,Google rolls out Android theft protection feature updates,"Thu, 29 Jan 2026 11:56:26 GMT"
RSS Google News,Google disables Take a Message on older Pixel phones amid audio leak bug,"Thu, 29 Jan 2026 10:51:52 GMT"
RSS Google News,"Google warns of 'breaking Search,' as pressure mounts over web future","Thu, 29 Jan 2026 10:00:02 GMT"
RSS Google News,Google-Backed AI Startup Meet-Ting Gives Your Calendar a Brain,"Thu, 29 Jan 2026 08:00:00 GMT"
RSS Google News,Google Disrupts IPIDEA — One of the World’s Largest Residential Proxy Networks,"Thu, 29 Jan 2026 07:16:00 GMT"
RSS Google News,Celestica Weighs Google AI Server Role Against Broader Hyperscaler Story,"Thu, 29 Jan 2026 02:16:18 GMT"
RSS Google News,Google reaches settlements in 2 lawsuits. What to know,"Thu, 29 Jan 2026 00:23:56 GMT"
RSS Google News,Google brings AI Plus to the U.S. with creative tools and shared storage — and it might be the 'just-right' AI subscription deal,"Thu, 29 Jan 2026 00:00:00 GMT"
RSS Google News,"Project Genie: Experimenting with infinite, interactive worlds","Thu, 29 Jan 2026 00:00:00 GMT"
RSS Google News,"Google for Developers Blog - News about Web, Mobile, AI and Cloud","Thu, 29 Jan 2026 00:00:00 GMT"
RSS Google News,Gemini in navigation is now available for walking and cycling in Google Maps.,"Thu, 29 Jan 2026 00:00:00 GMT"
RSS Google News,"Google disrupts large residential proxy network, reducing devices used by operators by 'millions'","Wed, 28 Jan 2026 23:54:39 GMT"
RSS Google News,Google rolls out new AI features for Gmail users,"Wed, 28 Jan 2026 22:46:06 GMT"
RSS Google News,Google rolls out new AI features for Gmail users,"Wed, 28 Jan 2026 22:46:00 GMT"
